Workbook

Sheet Sales_Data
A1: Order ID | B1: Date | C1: Product | D1: Category | E1: Region | F1: Sales | G1: Quantity | H1: Profit
A2: 1001 | B2: 01-01-2024 | C2: Laptop | D2: Technology | E2: South | F2: 50000 | G2: 2 | H2: 8000
A3: 1002 | B3: 02-01-2024 | C3: Phone | D3: Technology | E3: North | F3: 20000 | G3: 1 | H3: 5000
A4: 1003 | B4: 03-01-2024 | C4: Chair | D4: Furniture | E4: East | F4: 5000 | G4: 3 | H4: 1000
A5: 1004 | B5: 04-01-2024 | C5: Table | D5: Furniture | E5: West | F5: 7000 | G5: 2 | H5: 1500
A6: 1005 | B6: 05-01-2024 | C6: Printer | D6: Technology | E6: South | F6: 15000 | G6: 1 | H6: 3000
A7: 1006 | B7: 06-01-2024 | C7: Pen | D7: Office Supplies | E7: North | F7: 500 | G7: 10 | H7: 100
A8: 1007 | B8: 07-01-2024 | C8: Notebook | D8: Office Supplies | E8: East | F8: 1000 | G8: 5 | H8: 200
A9: 1008 | B9: 08-01-2024 | C9: Monitor | D9: Technology | E9: West | F9: 12000 | G9: 1 | H9: 2500

Sheet Dashboard
A1: Sales Dashboard
A3: Total Sales | B3: =SUM(Sales_Data!F2:F100) -> 110500 | D3: Region | E3: Sales | G3: Order ID | H3: Sales | J3: Category | K3: Profit
A4: Total Profit | B4: =SUM(Sales_Data!H2:H100) -> 21300 | D4: South | E4: =SUMIF(Sales_Data!E:E,"South",Sales_Data!F:F) -> 65000 | G4: =Sales_Data!A2 -> 1001 | H4: =Sales_Data!F2 -> 50000 | J4: Technology | K4: =SUMIF(Sales_Data!D:D,"Technology",Sales_Data!H:H) -> 18500
A5: Total Orders | B5: =COUNTA(Sales_Data!A2:A100) -> 8 | D5: North | E5: =SUMIF(Sales_Data!E:E,"North",Sales_Data!F:F) -> 20500 | G5: =Sales_Data!A3 -> 1002 | H5: =Sales_Data!F3 -> 20000 | J5: Furniture | K5: =SUMIF(Sales_Data!D:D,"Furniture",Sales_Data!H:H) -> 2500
A6: Average Sales | B6: =B3/B5 -> 13812.5 | D6: East | E6: =SUMIF(Sales_Data!E:E,"East",Sales_Data!F:F) -> 6000 | G6: =Sales_Data!A4 -> 1003 | H6: =Sales_Data!F4 -> 5000 | J6: Office Supplies | K6: =SUMIF(Sales_Data!D:D,"Office Supplies",Sales_Data!H:H) -> 300
D7: West | E7: =SUMIF(Sales_Data!E:E,"West",Sales_Data!F:F) -> 19000 | G7: =Sales_Data!A5 -> 1004 | H7: =Sales_Data!F5 -> 7000
G8: =Sales_Data!A6 -> 1005 | H8: =Sales_Data!F6 -> 15000
G9: =Sales_Data!A7 -> 1006 | H9: =Sales_Data!F7 -> 500
G10: =Sales_Data!A8 -> 1007 | H10: =Sales_Data!F8 -> 1000
G11: =Sales_Data!A9 -> 1008 | H11: =Sales_Data!F9 -> 12000

Sheet charts
